epoch,acc,loss,val_acc,val_loss
0,0.3763909,2.568814238200859,0.344294,2.307830947569047
1,0.38316402,2.0902547536982854,0.37427467,2.867840065353218
