epoch,acc,loss,val_acc,val_loss
0,0.37493953,2.585657430260321,0.33075434,1.8688128567658937
1,0.38655055,2.027480497011887,0.3752418,2.338686376810074
