epoch,acc,loss,val_acc,val_loss
0,0.34687954,2.4455117300390676,0.34622824,2.285493409994877
1,0.3889695,1.9920672914170965,0.3491296,6.095859455339836
